<application>
  <component name="AndroidLogcatFilterHistory">
    <option name="nonFavorites">
      <list>
        <option value="package:mine " />
        <option value="package:mine level:error " />
        <option value="package:mine l" />
        <option value="package:mine keywordnyacok" />
        <option value="package:mine keyword" />
        <option value="package:mine k" />
        <option value="package:mine loggger" />
        <option value="package:mine logging" />
        <option value="package:mine menunya" />
        <option value="package:mine cr" />
        <option value="package:mine c" />
        <option value="package:mine level:e" />
        <option value="package:mine level" />
        <option value="package:mine level:ERROR " />
        <option value="package:mine level:E" />
        <option value="package:mine p" />
        <option value="package:mine K" />
        <option value="package:mine datanya" />
        <option value="package:mine" />
        <option value="package:mine data" />
      </list>
    </option>
  </component>
</application>